ano_mes,forma_pagamento,quantidade,valor
2002-04,Boleto,0.0,0.0
2002-04,Cheque,0.0,0.0
2002-04,DOC,0.0,0.0
2002-04,Pix,0.0,0.0
2002-04,TEC,0.0,0.0
2002-04,TED,12.77,14986.23
2002-05,Boleto,0.0,0.0
2002-05,Cheque,0.0,0.0
2002-05,DOC,0.0,0.0
2002-05,Pix,0.0,0.0
2002-05,TEC,0.0,0.0
2002-05,TED,48.53,48743.0
2002-06,Boleto,0.0,0.0
2002-06,Cheque,0.0,0.0
2002-06,DOC,0.0,0.0
2002-06,Pix,0.0,0.0
2002-06,TEC,0.0,0.0
2002-06,TED,62.5,62651.63
2002-07,Boleto,0.0,0.0
2002-07,Cheque,0.0,0.0
2002-07,DOC,0.0,0.0
2002-07,Pix,0.0,0.0
2002-07,TEC,0.0,0.0
2002-07,TED,141.82,73289.24
2002-08,Boleto,0.0,0.0
2002-08,Cheque,0.0,0.0
2002-08,DOC,0.0,0.0
2002-08,Pix,0.0,0.0
2002-08,TEC,0.0,0.0
2002-08,TED,416.79,99964.19
2002-09,Boleto,0.0,0.0
2002-09,Cheque,0.0,0.0
2002-09,DOC,0.0,0.0
2002-09,Pix,0.0,0.0
2002-09,TEC,0.0,0.0
2002-09,TED,470.14,104000.97
2002-10,Boleto,0.0,0.0
2002-10,Cheque,0.0,0.0
2002-10,DOC,0.0,0.0
2002-10,Pix,0.0,0.0
2002-10,TEC,0.0,0.0
2002-10,TED,588.13,128981.39
2002-11,Boleto,0.0,0.0
2002-11,Cheque,0.0,0.0
2002-11,DOC,0.0,0.0
2002-11,Pix,0.0,0.0
2002-11,TEC,0.0,0.0
2002-11,TED,1013.94,168926.14
2002-12,Boleto,0.0,0.0
2002-12,Cheque,0.0,0.0
2002-12,DOC,0.0,0.0
2002-12,Pix,0.0,0.0
2002-12,TEC,0.0,0.0
2002-12,TED,1346.78,221448.71
2003-01,Boleto,0.0,0.0
2003-01,Cheque,0.0,0.0
2003-01,DOC,0.0,0.0
2003-01,Pix,0.0,0.0
2003-01,TEC,0.0,0.0
2003-01,TED,1363.91,199644.76
2003-02,Boleto,0.0,0.0
2003-02,Cheque,0.0,0.0
2003-02,DOC,0.0,0.0
2003-02,Pix,0.0,0.0
2003-02,TEC,0.0,0.0
2003-02,TED,1327.37,184092.37
2003-03,Boleto,0.0,0.0
2003-03,Cheque,0.0,0.0
2003-03,DOC,0.0,0.0
2003-03,Pix,0.0,0.0
2003-03,TEC,0.0,0.0
2003-03,TED,1359.27,193562.64
2003-04,Boleto,0.0,0.0
2003-04,Cheque,0.0,0.0
2003-04,DOC,0.0,0.0
2003-04,Pix,0.0,0.0
2003-04,TEC,0.0,0.0
2003-04,TED,1518.94,216362.08
2003-05,Boleto,0.0,0.0
2003-05,Cheque,0.0,0.0
2003-05,DOC,0.0,0.0
2003-05,Pix,0.0,0.0
2003-05,TEC,0.0,0.0
2003-05,TED,1618.01,220843.73
2003-06,Boleto,0.0,0.0
2003-06,Cheque,0.0,0.0
2003-06,DOC,0.0,0.0
2003-06,Pix,0.0,0.0
2003-06,TEC,0.0,0.0
2003-06,TED,1591.39,202148.8
2003-07,Boleto,0.0,0.0
2003-07,Cheque,0.0,0.0
2003-07,DOC,0.0,0.0
2003-07,Pix,0.0,0.0
2003-07,TEC,0.0,0.0
2003-07,TED,1771.72,213686.06
2003-08,Boleto,0.0,0.0
2003-08,Cheque,0.0,0.0
2003-08,DOC,0.0,0.0
2003-08,Pix,0.0,0.0
2003-08,TEC,0.0,0.0
2003-08,TED,1719.02,196817.44
2003-09,Boleto,0.0,0.0
2003-09,Cheque,0.0,0.0
2003-09,DOC,0.0,0.0
2003-09,Pix,0.0,0.0
2003-09,TEC,0.0,0.0
2003-09,TED,1897.64,224618.09
2003-10,Boleto,0.0,0.0
2003-10,Cheque,0.0,0.0
2003-10,DOC,0.0,0.0
2003-10,Pix,0.0,0.0
2003-10,TEC,0.0,0.0
2003-10,TED,1971.88,233316.02
2003-11,Boleto,0.0,0.0
2003-11,Cheque,0.0,0.0
2003-11,DOC,0.0,0.0
2003-11,Pix,0.0,0.0
2003-11,TEC,0.0,0.0
2003-11,TED,1740.99,209832.86
2003-12,Boleto,0.0,0.0
2003-12,Cheque,0.0,0.0
2003-12,DOC,0.0,0.0
2003-12,Pix,0.0,0.0
2003-12,TEC,0.0,0.0
2003-12,TED,2032.09,264878.87
2004-01,Boleto,0.0,0.0
2004-01,Cheque,0.0,0.0
2004-01,DOC,0.0,0.0
2004-01,Pix,0.0,0.0
2004-01,TEC,0.0,0.0
2004-01,TED,1859.5,228550.04
2004-02,Boleto,0.0,0.0
2004-02,Cheque,0.0,0.0
2004-02,DOC,2474.78,2337.78
2004-02,Pix,0.0,0.0
2004-02,TEC,0.0,0.0
2004-02,TED,1783.22,217113.66
2004-03,Boleto,0.0,0.0
2004-03,Cheque,0.0,0.0
2004-03,DOC,8699.84,8212.5
2004-03,Pix,0.0,0.0
2004-03,TEC,0.0,0.0
2004-03,TED,2695.43,275020.11
2004-04,Boleto,0.0,0.0
2004-04,Cheque,0.0,0.0
2004-04,DOC,8118.56,7651.84
2004-04,Pix,0.0,0.0
2004-04,TEC,0.0,0.0
2004-04,TED,2545.08,265856.16
2004-05,Boleto,0.0,0.0
2004-05,Cheque,46830.24,26000.78
2004-05,DOC,8457.05,7918.68
2004-05,Pix,0.0,0.0
2004-05,TEC,0.0,0.0
2004-05,TED,2716.05,281924.13
2004-06,Boleto,0.0,0.0
2004-06,Cheque,11104.3,4018.05
2004-06,DOC,9119.99,8652.96
2004-06,Pix,0.0,0.0
2004-06,TEC,0.0,0.0
2004-06,TED,2698.84,283081.61
2004-07,Boleto,0.0,0.0
2004-07,Cheque,0.0,0.0
2004-07,DOC,10528.78,9864.68
2004-07,Pix,0.0,0.0
2004-07,TEC,0.0,0.0
2004-07,TED,2870.45,285784.91
2004-08,Boleto,0.0,0.0
2004-08,Cheque,0.0,0.0
2004-08,DOC,9746.85,9109.38
2004-08,Pix,0.0,0.0
2004-08,TEC,0.0,0.0
2004-08,TED,2974.23,306775.89
2004-09,Boleto,0.0,0.0
2004-09,Cheque,0.0,0.0
2004-09,DOC,9337.28,8868.67
2004-09,Pix,0.0,0.0
2004-09,TEC,0.0,0.0
2004-09,TED,2941.68,297798.1
2004-10,Boleto,0.0,0.0
2004-10,Cheque,0.0,0.0
2004-10,DOC,9919.75,9293.29
2004-10,Pix,0.0,0.0
2004-10,TEC,0.0,0.0
2004-10,TED,3054.9,304194.89
2004-11,Boleto,0.0,0.0
2004-11,Cheque,0.0,0.0
2004-11,DOC,9535.26,9321.92
2004-11,Pix,0.0,0.0
2004-11,TEC,0.0,0.0
2004-11,TED,3160.59,312703.65
2004-12,Boleto,0.0,0.0
2004-12,Cheque,5006.61,529.44
2004-12,DOC,10341.79,10081.12
2004-12,Pix,0.0,0.0
2004-12,TEC,0.0,0.0
2004-12,TED,3051.47,333284.83
2005-01,Boleto,0.0,0.0
2005-01,Cheque,0.0,0.0
2005-01,DOC,9452.41,9192.93
2005-01,Pix,0.0,0.0
2005-01,TEC,0.0,0.0
2005-01,TED,2852.39,286368.57
2005-02,Boleto,25265.3,29387.98
2005-02,Cheque,595586.19,28703.46
2005-02,DOC,8233.39,8046.58
2005-02,Pix,0.0,0.0
2005-02,TEC,0.0,0.0
2005-02,TED,2862.66,278826.41
2005-03,Boleto,82364.16,89646.17
2005-03,Cheque,167458.21,88923.26
2005-03,DOC,9593.2,9325.31
2005-03,Pix,0.0,0.0
2005-03,TEC,0.0,0.0
2005-03,TED,3344.87,334325.04
2005-04,Boleto,77491.41,85189.06
2005-04,Cheque,147639.56,82036.45
2005-04,DOC,8949.27,8700.25
2005-04,Pix,0.0,0.0
2005-04,TEC,0.0,0.0
2005-04,TED,3107.88,304897.84
2005-05,Boleto,84808.08,94016.28
2005-05,Cheque,161110.09,88635.3
2005-05,DOC,9772.81,9198.78
2005-05,Pix,0.0,0.0
2005-05,TEC,0.0,0.0
2005-05,TED,3648.97,334255.01
2005-06,Boleto,83684.49,90494.67
2005-06,Cheque,152741.95,86398.26
2005-06,DOC,10437.03,9906.08
2005-06,Pix,0.0,0.0
2005-06,TEC,0.0,0.0
2005-06,TED,3766.09,352238.38
2005-07,Boleto,81628.21,86779.75
2005-07,Cheque,148079.85,82343.58
2005-07,DOC,9962.53,9698.74
2005-07,Pix,0.0,0.0
2005-07,TEC,0.0,0.0
2005-07,TED,3569.58,329078.29
2005-08,Boleto,90499.92,98790.9
2005-08,Cheque,162022.86,89616.85
2005-08,DOC,10560.59,10064.04
2005-08,Pix,0.0,0.0
2005-08,TEC,0.0,0.0
2005-08,TED,3584.75,335092.48
2005-09,Boleto,85314.03,92147.82
2005-09,Cheque,1611363.79,81612.31
2005-09,DOC,10694.67,10086.61
2005-09,Pix,0.0,0.0
2005-09,TEC,0.0,0.0
2005-09,TED,3642.83,340445.46
2005-10,Boleto,87442.48,94850.48
2005-10,Cheque,147143.64,84149.52
2005-10,DOC,10697.66,10151.84
2005-10,Pix,0.0,0.0
2005-10,TEC,0.0,0.0
2005-10,TED,3572.87,343689.17
2005-11,Boleto,87796.89,95218.78
2005-11,Cheque,152431.13,86651.31
2005-11,DOC,10465.63,10158.65
2005-11,Pix,0.0,0.0
2005-11,TEC,0.0,0.0
2005-11,TED,3667.78,354097.66
2005-12,Boleto,91067.15,98846.86
2005-12,Cheque,2303804.81,92243.56
2005-12,DOC,11349.19,10989.05
2005-12,Pix,0.0,0.0
2005-12,TEC,0.0,0.0
2005-12,TED,3976.55,405734.51
2006-01,Boleto,92932.2,102845.65
2006-01,Cheque,145880.51,88305.51
2006-01,DOC,10294.18,10123.92
2006-01,Pix,0.0,0.0
2006-01,TEC,0.0,0.0
2006-01,TED,3759.14,374032.81
2006-02,Boleto,78671.32,79967.89
2006-02,Cheque,117800.04,72218.3
2006-02,DOC,8629.29,8492.97
2006-02,Pix,0.0,0.0
2006-02,TEC,0.0,0.0
2006-02,TED,3301.54,313860.35
2006-03,Boleto,100741.66,110592.37
2006-03,Cheque,158683.31,94127.06
2006-03,DOC,11032.07,10794.04
2006-03,Pix,0.0,0.0
2006-03,TEC,0.0,0.0
2006-03,TED,4251.58,401593.0
2006-04,Boleto,87403.26,92888.6
2006-04,Cheque,126144.66,76876.35
2006-04,DOC,9376.93,9171.0
2006-04,Pix,0.0,0.0
2006-04,TEC,0.0,0.0
2006-04,TED,3543.46,340452.62
2006-05,Boleto,97577.51,106088.27
2006-05,Cheque,146091.82,88776.78
2006-05,DOC,10864.84,10654.51
2006-05,Pix,0.0,0.0
2006-05,TEC,0.0,0.0
2006-05,TED,4339.33,429943.13
2006-06,Boleto,93815.68,101329.22
2006-06,Cheque,131316.58,82210.51
2006-06,DOC,10837.93,10519.8
2006-06,Pix,0.0,0.0
2006-06,TEC,0.0,0.0
2006-06,TED,3925.71,396057.6
2006-07,Boleto,94535.23,102076.18
2006-07,Cheque,130688.95,82250.83
2006-07,DOC,10856.77,10837.75
2006-07,Pix,0.0,0.0
2006-07,TEC,0.0,0.0
2006-07,TED,3972.65,385644.5
2006-08,Boleto,98887.19,107452.6
2006-08,Cheque,139190.46,86551.56
2006-08,DOC,11078.13,10890.44
2006-08,Pix,0.0,0.0
2006-08,TEC,0.0,0.0
2006-08,TED,4327.76,423640.3
2006-09,Boleto,95132.93,101225.62
2006-09,Cheque,125426.55,79784.02
2006-09,DOC,10988.97,10689.81
2006-09,Pix,0.0,0.0
2006-09,TEC,0.0,0.0
2006-09,TED,3967.17,393109.7
2006-10,Boleto,104132.3,112845.1
2006-10,Cheque,137232.22,87393.66
2006-10,DOC,11808.7,11500.52
2006-10,Pix,0.0,0.0
2006-10,TEC,0.0,0.0
2006-10,TED,4267.62,440956.67
2006-11,Boleto,99944.75,108898.05
2006-11,Cheque,128753.87,83769.92
2006-11,DOC,11371.69,11270.4
2006-11,Pix,0.0,0.0
2006-11,TEC,0.0,0.0
2006-11,TED,4170.59,422748.27
2006-12,Boleto,101321.81,109193.27
2006-12,Cheque,134503.14,87916.16
2006-12,DOC,12548.6,12489.2
2006-12,Pix,0.0,0.0
2006-12,TEC,0.0,0.0
2006-12,TED,4410.12,482137.12
2007-01,Boleto,107681.89,120501.42
2007-01,Cheque,131658.45,89991.59
2007-01,DOC,11213.06,11557.41
2007-01,Pix,0.0,0.0
2007-01,TEC,0.0,0.0
2007-01,TED,4458.28,465489.17
2007-02,Boleto,97982.44,101562.18
2007-02,Cheque,113092.19,75132.08
2007-02,DOC,9609.98,9739.4
2007-02,Pix,0.0,0.0
2007-02,TEC,0.0,0.0
2007-02,TED,3889.62,395383.49
2007-03,Boleto,105162.05,111644.32
2007-03,Cheque,125949.85,85821.61
2007-03,DOC,11243.71,11258.9
2007-03,Pix,0.0,0.0
2007-03,TEC,0.0,0.0
2007-03,TED,4727.46,476943.05
2007-04,Boleto,107811.9,117476.92
2007-04,Cheque,118417.79,85287.84
2007-04,DOC,10877.72,10956.44
2007-04,Pix,0.0,0.0
2007-04,TEC,0.08,0.06
2007-04,TED,4599.34,489947.4
2007-05,Boleto,109917.13,118450.61
2007-05,Cheque,127870.56,89289.21
2007-05,DOC,11643.26,11577.25
2007-05,Pix,0.0,0.0
2007-05,TEC,0.35,0.49
2007-05,TED,5262.72,509530.31
2007-06,Boleto,105972.15,112283.35
2007-06,Cheque,114651.67,82199.39
2007-06,DOC,11386.84,11385.11
2007-06,Pix,0.0,0.0
2007-06,TEC,0.86,0.93
2007-06,TED,4691.51,513960.21
2007-07,Boleto,114819.89,122050.22
2007-07,Cheque,124079.25,88892.85
2007-07,DOC,12123.27,12258.31
2007-07,Pix,0.0,0.0
2007-07,TEC,2.11,2.19
2007-07,TED,5036.6,527397.41
2007-08,Boleto,115373.87,123374.02
2007-08,Cheque,121794.99,89403.56
2007-08,DOC,12910.78,12984.83
2007-08,Pix,0.0,0.0
2007-08,TEC,3.55,4.03
2007-08,TED,5310.32,567318.88
2007-09,Boleto,105333.72,112244.46
2007-09,Cheque,109528.49,80050.97
2007-09,DOC,11622.54,11492.53
2007-09,Pix,0.0,0.0
2007-09,TEC,5.72,6.36
2007-09,TED,4648.59,486681.76
2007-10,Boleto,123355.8,135020.03
2007-10,Cheque,126542.6,94163.35
2007-10,DOC,13683.76,13472.99
2007-10,Pix,0.0,0.0
2007-10,TEC,7.92,8.31
2007-10,TED,5522.13,599549.2
2007-11,Boleto,115375.96,126496.72
2007-11,Cheque,115915.36,87706.55
2007-11,DOC,13295.92,13100.74
2007-11,Pix,0.0,0.0
2007-11,TEC,14.55,14.57
2007-11,TED,5223.69,557588.69
2007-12,Boleto,115293.96,126198.15
2007-12,Cheque,119710.32,88887.15
2007-12,DOC,13230.37,13504.66
2007-12,Pix,0.0,0.0
2007-12,TEC,19.93,19.82
2007-12,TED,5319.55,587924.96
2008-01,Boleto,123288.53,137736.05
2008-01,Cheque,119060.39,95335.75
2008-01,DOC,12313.75,12579.07
2008-01,Pix,0.0,0.0
2008-01,TEC,16.23,15.83
2008-01,TED,5332.12,637574.89
2008-02,Boleto,112565.98,119505.88
2008-02,Cheque,107084.14,84127.09
2008-02,DOC,11260.4,11456.66
2008-02,Pix,0.0,0.0
2008-02,TEC,15.99,15.65
2008-02,TED,4823.67,522354.44
2008-03,Boleto,120484.71,131324.94
2008-03,Cheque,111195.32,90673.53
2008-03,DOC,12107.81,12146.92
2008-03,Pix,0.0,0.0
2008-03,TEC,20.49,19.71
2008-03,TED,5173.34,596702.99
2008-04,Boleto,122512.3,136180.47
2008-04,Cheque,115038.47,92992.63
2008-04,DOC,12753.74,12758.17
2008-04,Pix,0.0,0.0
2008-04,TEC,26.25,23.97
2008-04,TED,5625.45,638969.76
2008-05,Boleto,121134.44,134120.12
2008-05,Cheque,112872.65,92461.4
2008-05,DOC,12321.27,12531.6
2008-05,Pix,0.0,0.0
2008-05,TEC,26.55,26.98
2008-05,TED,5558.99,613046.29
2008-06,Boleto,125983.88,140666.62
2008-06,Cheque,111731.72,94529.88
2008-06,DOC,14074.9,13833.6
2008-06,Pix,0.0,0.0
2008-06,TEC,30.35,32.16
2008-06,TED,5607.43,635331.04
2008-07,Boleto,121144.73,145143.75
2008-07,Cheque,121246.85,101272.39
2008-07,DOC,13957.03,14361.78
2008-07,Pix,0.0,0.0
2008-07,TEC,35.57,38.83
2008-07,TED,6022.99,663176.17
2008-08,Boleto,124078.98,140255.79
2008-08,Cheque,109390.23,93788.99
2008-08,DOC,13613.09,13772.77
2008-08,Pix,0.0,0.0
2008-08,TEC,37.5,39.48
2008-08,TED,5601.55,604109.22
2008-09,Boleto,135836.02,156160.91
2008-09,Cheque,117815.91,102074.22
2008-09,DOC,14541.79,14507.37
2008-09,Pix,0.0,0.0
2008-09,TEC,40.97,43.86
2008-09,TED,5953.6,688571.63
2008-10,Boleto,136296.25,156109.0
2008-10,Cheque,118920.34,103395.3
2008-10,DOC,15047.9,14994.51
2008-10,Pix,0.0,0.0
2008-10,TEC,46.1,51.32
2008-10,TED,6024.86,768887.04
2008-11,Boleto,124658.34,139283.96
2008-11,Cheque,104633.87,90021.53
2008-11,DOC,14120.59,13978.14
2008-11,Pix,0.0,0.0
2008-11,TEC,64.06,73.25
2008-11,TED,5319.26,601759.93
2008-12,Boleto,141151.04,159009.61
2008-12,Cheque,124419.76,104277.13
2008-12,DOC,14975.44,15450.75
2008-12,Pix,0.0,0.0
2008-12,TEC,85.49,87.26
2008-12,TED,6109.03,734198.93
2009-01,Boleto,123710.53,134502.49
2009-01,Cheque,101744.13,88989.97
2009-01,DOC,12380.7,12593.26
2009-01,Pix,0.0,0.0
2009-01,TEC,61.85,68.28
2009-01,TED,5219.55,589958.75
2009-02,Boleto,119437.06,123039.66
2009-02,Cheque,94036.56,79798.77
2009-02,DOC,11555.78,11763.19
2009-02,Pix,0.0,0.0
2009-02,TEC,72.27,80.05
2009-02,TED,4907.72,498197.41
2009-03,Boleto,135587.77,142459.92
2009-03,Cheque,111737.19,95691.56
2009-03,DOC,13619.12,13700.91
2009-03,Pix,0.0,0.0
2009-03,TEC,86.58,94.39
2009-03,TED,5996.69,614724.2
2009-04,Boleto,132027.77,139601.79
2009-04,Cheque,101003.25,88636.61
2009-04,DOC,13506.36,13305.45
2009-04,Pix,0.0,0.0
2009-04,TEC,93.54,105.93
2009-04,TED,6147.35,604776.79
2009-05,Boleto,126388.56,131694.69
2009-05,Cheque,99195.73,86005.15
2009-05,DOC,13241.14,13146.2
2009-05,Pix,0.0,0.0
2009-05,TEC,104.41,115.27
2009-05,TED,5982.33,589615.4
2009-06,Boleto,138376.77,146660.51
2009-06,Cheque,104149.98,92278.25
2009-06,DOC,15189.46,14776.59
2009-06,Pix,0.0,0.0
2009-06,TEC,118.06,133.7
2009-06,TED,6199.9,645775.63
2009-07,Boleto,138734.44,146004.79
2009-07,Cheque,105031.39,92956.25
2009-07,DOC,15617.23,15553.4
2009-07,Pix,0.0,0.0
2009-07,TEC,132.52,148.45
2009-07,TED,6549.27,653905.42
2009-08,Boleto,137744.07,148417.16
2009-08,Cheque,98241.52,87739.99
2009-08,DOC,14530.9,14303.91
2009-08,Pix,0.0,0.0
2009-08,TEC,136.99,150.42
2009-08,TED,6168.74,613640.29
2009-09,Boleto,137285.98,150710.69
2009-09,Cheque,101391.71,89662.23
2009-09,DOC,14628.29,14574.82
2009-09,Pix,0.0,0.0
2009-09,TEC,142.23,160.76
2009-09,TED,6296.8,652120.74
2009-10,Boleto,141913.41,155433.43
2009-10,Cheque,102012.48,93131.86
2009-10,DOC,16509.37,16094.57
2009-10,Pix,0.0,0.0
2009-10,TEC,156.57,178.07
2009-10,TED,6517.69,682989.33
2009-11,Boleto,141078.58,158290.22
2009-11,Cheque,98409.81,90224.77
2009-11,DOC,16644.73,16286.59
2009-11,Pix,0.0,0.0
2009-11,TEC,219.69,242.37
2009-11,TED,6441.22,661257.48
2009-12,Boleto,148286.57,167948.64
2009-12,Cheque,110104.5,98795.5
2009-12,DOC,18711.64,18371.96
2009-12,Pix,0.0,0.0
2009-12,TEC,272.11,289.52
2009-12,TED,7287.3,796196.3
2010-01,Boleto,134034.99,151244.64
2010-01,Cheque,88307.69,83968.13
2010-01,DOC,14271.96,14604.97
2010-01,Pix,0.0,0.0
2010-01,TEC,179.67,204.91
2010-01,TED,6300.64,641293.77
2010-02,Boleto,132531.34,143732.52
2010-02,Cheque,85861.81,80062.1
2010-02,DOC,13701.31,13775.74
2010-02,Pix,0.0,0.0
2010-02,TEC,184.5,209.06
2010-02,TED,6129.02,595672.64
2010-03,Boleto,155779.53,176688.33
2010-03,Cheque,103296.21,99210.39
2010-03,DOC,16411.17,16707.74
2010-03,Pix,0.0,0.0
2010-03,TEC,195.7,228.04
2010-03,TED,7592.77,759814.19
2010-04,Boleto,145113.49,164958.58
2010-04,Cheque,91287.0,89204.08
2010-04,DOC,15955.47,15550.48
2010-04,Pix,0.0,0.0
2010-04,TEC,188.77,219.0
2010-04,TED,6821.98,705542.93
2010-05,Boleto,148708.89,168090.89
2010-05,Cheque,92581.25,92690.41
2010-05,DOC,16158.26,15500.81
2010-05,Pix,0.0,0.0
2010-05,TEC,186.06,214.53
2010-05,TED,7299.81,724099.48
2010-06,Boleto,147600.85,170019.56
2010-06,Cheque,92921.01,91275.21
2010-06,DOC,16295.17,14601.54
2010-06,Pix,0.0,0.0
2010-06,TEC,188.66,203.02
2010-06,TED,7805.55,729005.52
2010-07,Boleto,149488.99,171412.24
2010-07,Cheque,91610.47,92070.61
2010-07,DOC,16980.69,15275.12
2010-07,Pix,0.0,0.0
2010-07,TEC,201.77,217.54
2010-07,TED,8212.26,730036.88
2010-08,Boleto,155855.67,180711.3
2010-08,Cheque,94586.83,96248.7
2010-08,DOC,17209.22,15106.89
2010-08,Pix,0.0,0.0
2010-08,TEC,209.61,219.57
2010-08,TED,8734.05,785462.01
2010-09,Boleto,153245.81,179681.56
2010-09,Cheque,89875.49,92817.63
2010-09,DOC,16500.51,14388.91
2010-09,Pix,0.0,0.0
2010-09,TEC,219.0,236.5
2010-09,TED,8450.04,794408.74
2010-10,Boleto,150267.23,174870.74
2010-10,Cheque,88768.46,92502.02
2010-10,DOC,18640.57,15438.43
2010-10,Pix,0.0,0.0
2010-10,TEC,218.82,234.74
2010-10,TED,8239.49,806369.51
2010-11,Boleto,158554.66,190737.42
2010-11,Cheque,92485.43,96753.71
2010-11,DOC,16959.83,15000.9
2010-11,Pix,0.0,0.0
2010-11,TEC,302.05,313.42
2010-11,TED,8858.34,781884.93
2010-12,Boleto,162224.35,197164.38
2010-12,Cheque,97285.73,102440.6
2010-12,DOC,18623.12,16320.94
2010-12,Pix,0.0,0.0
2010-12,TEC,370.03,385.09
2010-12,TED,9724.29,959320.77
2011-01,Boleto,154337.79,185185.04
2011-01,Cheque,80478.02,89030.31
2011-01,DOC,15740.06,13612.83
2011-01,Pix,0.0,0.0
2011-01,TEC,201.46,207.85
2011-01,TED,8279.99,778635.56
2011-02,Boleto,150387.71,172315.16
2011-02,Cheque,80485.31,87233.95
2011-02,DOC,15050.94,13428.75
2011-02,Pix,0.0,0.0
2011-02,TEC,229.82,241.36
2011-02,TED,8595.22,724721.76
2011-03,Boleto,158627.0,191678.83
2011-03,Cheque,89632.4,96103.63
2011-03,DOC,15974.61,14454.88
2011-03,Pix,0.0,0.0
2011-03,TEC,237.75,256.49
2011-03,TED,9110.84,860840.89
2011-04,Boleto,151528.46,182220.81
2011-04,Cheque,79499.02,88480.05
2011-04,DOC,15793.64,13745.17
2011-04,Pix,0.0,0.0
2011-04,TEC,227.29,245.81
2011-04,TED,8679.39,791002.39
2011-05,Boleto,163767.95,201341.27
2011-05,Cheque,88796.24,99581.81
2011-05,DOC,17544.32,15113.16
2011-05,Pix,0.0,0.0
2011-05,TEC,230.7,256.58
2011-05,TED,9812.5,870617.96
2011-06,Boleto,160328.7,194951.76
2011-06,Cheque,82585.78,93906.83
2011-06,DOC,17774.95,15424.58
2011-06,Pix,0.0,0.0
2011-06,TEC,239.31,268.64
2011-06,TED,9002.06,803423.78
2011-07,Boleto,156523.82,187855.14
2011-07,Cheque,80774.1,91644.1
2011-07,DOC,17386.34,15527.14
2011-07,Pix,0.0,0.0
2011-07,TEC,231.75,256.59
2011-07,TED,9476.63,809324.24
2011-08,Boleto,172662.86,213706.57
2011-08,Cheque,88649.98,102142.87
2011-08,DOC,19061.73,16707.0
2011-08,Pix,0.0,0.0
2011-08,TEC,239.23,262.04
2011-08,TED,10337.54,892892.38
2011-09,Boleto,160779.24,201214.49
2011-09,Cheque,81358.27,94382.93
2011-09,DOC,17732.1,15742.89
2011-09,Pix,0.0,0.0
2011-09,TEC,245.01,273.84
2011-09,TED,9751.67,881342.96
2011-10,Boleto,159358.73,203626.51
2011-10,Cheque,79187.39,91963.27
2011-10,DOC,20818.43,17385.77
2011-10,Pix,0.0,0.0
2011-10,TEC,252.22,284.08
2011-10,TED,9491.31,856102.54
2011-11,Boleto,164298.16,205525.64
2011-11,Cheque,82689.82,95233.28
2011-11,DOC,19875.92,16890.76
2011-11,Pix,0.0,0.0
2011-11,TEC,349.86,384.24
2011-11,TED,10045.2,885240.48
2011-12,Boleto,168696.88,213258.36
2011-12,Cheque,84656.77,99517.92
2011-12,DOC,19998.18,17899.93
2011-12,Pix,0.0,0.0
2011-12,TEC,417.35,455.82
2011-12,TED,10859.83,1033824.93
2012-01,Boleto,172575.02,214899.36
2012-01,Cheque,77015.5,94660.92
2012-01,DOC,18145.04,15799.24
2012-01,Pix,0.0,0.0
2012-01,TEC,312.83,365.73
2012-01,TED,10076.13,892299.54
2012-02,Boleto,161373.46,192053.65
2012-02,Cheque,72003.38,85582.35
2012-02,DOC,17240.98,15138.71
2012-02,Pix,0.0,0.0
2012-02,TEC,331.82,379.38
2012-02,TED,9647.66,791746.27
2012-03,Boleto,171570.12,207298.55
2012-03,Cheque,77575.2,96297.89
2012-03,DOC,18891.38,16602.53
2012-03,Pix,0.0,0.0
2012-03,TEC,393.99,496.53
2012-03,TED,10677.31,923038.87
2012-04,Boleto,175199.61,214383.97
2012-04,Cheque,74102.54,92702.38
2012-04,DOC,20141.17,16409.46
2012-04,Pix,0.0,0.0
2012-04,TEC,441.16,575.1
2012-04,TED,10088.21,940562.38
2012-05,Boleto,176401.21,214546.05
2012-05,Cheque,79357.89,98338.29
2012-05,DOC,20299.33,17218.01
2012-05,Pix,0.0,0.0
2012-05,TEC,474.96,599.08
2012-05,TED,11018.54,997164.17
2012-06,Boleto,168034.66,204481.86
2012-06,Cheque,71414.87,90157.72
2012-06,DOC,19786.87,17188.38
2012-06,Pix,0.0,0.0
2012-06,TEC,510.79,653.36
2012-06,TED,10577.78,919112.72
2012-07,Boleto,181400.34,224859.43
2012-07,Cheque,77938.9,97735.35
2012-07,DOC,21612.47,18796.2
2012-07,Pix,0.0,0.0
2012-07,TEC,756.77,992.92
2012-07,TED,11362.21,970156.48
2012-08,Boleto,182057.25,228664.37
2012-08,Cheque,77224.03,99871.25
2012-08,DOC,22161.59,18924.1
2012-08,Pix,0.0,0.0
2012-08,TEC,617.8,807.32
2012-08,TED,11870.13,989325.31
2012-09,Boleto,168098.52,204684.03
2012-09,Cheque,69267.84,88955.95
2012-09,DOC,19870.98,17169.31
2012-09,Pix,0.0,0.0
2012-09,TEC,616.15,814.22
2012-09,TED,10334.9,917888.15
2012-10,Boleto,191465.34,246718.86
2012-10,Cheque,80500.77,104781.23
2012-10,DOC,24022.55,19585.48
2012-10,Pix,0.0,0.0
2012-10,TEC,641.7,849.74
2012-10,TED,12061.14,1069511.12
2012-11,Boleto,178300.09,225311.13
2012-11,Cheque,72770.64,94784.85
2012-11,DOC,21285.62,18182.58
2012-11,Pix,0.0,0.0
2012-11,TEC,671.54,762.62
2012-11,TED,12056.78,974409.1
2012-12,Boleto,175738.76,224841.23
2012-12,Cheque,73674.91,95682.18
2012-12,DOC,21171.68,18011.13
2012-12,Pix,0.0,0.0
2012-12,TEC,975.1,974.62
2012-12,TED,13485.58,1149248.55
2013-01,Boleto,184325.38,240497.59
2013-01,Cheque,72208.68,97507.52
2013-01,DOC,20710.51,16950.92
2013-01,Pix,0.0,0.0
2013-01,TEC,535.01,534.64
2013-01,TED,13079.65,1067660.41
2013-02,Boleto,168496.98,205918.71
2013-02,Cheque,63165.38,82753.14
2013-02,DOC,18475.44,15255.33
2013-02,Pix,0.0,0.0
2013-02,TEC,525.81,527.54
2013-02,TED,12103.18,895662.58
2013-03,Boleto,173296.53,214218.94
2013-03,Cheque,66679.86,89631.0
2013-03,DOC,19675.38,15879.23
2013-03,Pix,0.0,0.0
2013-03,TEC,465.0,422.2
2013-03,TED,13537.11,1019759.81
2013-04,Boleto,196607.1,251659.87
2013-04,Cheque,72503.0,105288.68
2013-04,DOC,21964.0,15737.93
2013-04,Pix,0.0,0.0
2013-04,TEC,346.62,227.12
2013-04,TED,16348.65,1142119.5
2013-05,Boleto,188214.07,238525.99
2013-05,Cheque,69896.14,100406.91
2013-05,DOC,20872.49,15189.33
2013-05,Pix,0.0,0.0
2013-05,TEC,445.82,530.25
2013-05,TED,16809.65,1143063.16
2013-06,Boleto,176553.86,219690.93
2013-06,Cheque,64903.5,92817.84
2013-06,DOC,20339.26,14995.22
2013-06,Pix,0.0,0.0
2013-06,TEC,527.56,794.64
2013-06,TED,16107.58,1140104.36
2013-07,Boleto,197343.71,221922.82
2013-07,Cheque,72365.59,106808.29
2013-07,DOC,21938.9,16000.02
2013-07,Pix,0.0,0.0
2013-07,TEC,713.47,1091.86
2013-07,TED,17965.38,1174109.21
2013-08,Boleto,189179.28,212072.8
2013-08,Cheque,67511.03,97994.49
2013-08,DOC,20901.68,15077.19
2013-08,Pix,0.0,0.0
2013-08,TEC,528.56,790.09
2013-08,TED,17655.92,1168812.84
2013-09,Boleto,192348.01,215882.71
2013-09,Cheque,66578.02,97775.36
2013-09,DOC,21042.6,15290.43
2013-09,Pix,0.0,0.0
2013-09,TEC,520.54,777.95
2013-09,TED,17237.45,1130039.98
2013-10,Boleto,199756.58,227762.49
2013-10,Cheque,73533.89,113735.25
2013-10,DOC,24273.06,16771.29
2013-10,Pix,0.0,0.0
2013-10,TEC,521.52,778.52
2013-10,TED,19062.88,1224493.92
2013-11,Boleto,186705.81,212994.09
2013-11,Cheque,64603.25,97515.6
2013-11,DOC,22615.12,15892.85
2013-11,Pix,0.0,0.0
2013-11,TEC,596.74,869.27
2013-11,TED,18636.22,1139984.63
2013-12,Boleto,200825.53,233065.31
2013-12,Cheque,71833.7,108803.58
2013-12,DOC,23981.77,17776.41
2013-12,Pix,0.0,0.0
2013-12,TEC,896.68,1165.27
2013-12,TED,21152.01,1324008.83
2014-01,Boleto,190807.23,221730.43
2014-01,Cheque,63615.36,105250.0
2014-01,DOC,20338.92,14623.27
2014-01,Pix,0.0,0.0
2014-01,TEC,577.04,805.76
2014-01,TED,18991.46,1210025.66
2014-02,Boleto,183380.13,206735.54
2014-02,Cheque,60264.54,92814.67
2014-02,DOC,19478.28,14204.09
2014-02,Pix,0.0,0.0
2014-02,TEC,593.23,934.56
2014-02,TED,19325.07,1039435.86
2014-03,Boleto,186571.41,213418.56
2014-03,Cheque,62171.83,91902.69
2014-03,DOC,19522.37,14102.79
2014-03,Pix,0.0,0.0
2014-03,TEC,422.68,584.19
2014-03,TED,18542.53,1085474.27
2014-04,Boleto,194680.89,224483.89
2014-04,Cheque,62136.38,99624.06
2014-04,DOC,21902.2,15045.16
2014-04,Pix,0.0,0.0
2014-04,TEC,541.51,794.57
2014-04,TED,19706.59,1150472.31
2014-05,Boleto,192853.42,221263.57
2014-05,Cheque,62587.87,96660.58
2014-05,DOC,21331.22,15121.47
2014-05,Pix,0.0,0.0
2014-05,TEC,499.12,768.44
2014-05,TED,20231.81,1130682.08
2014-06,Boleto,195109.63,221177.01
2014-06,Cheque,59822.96,92860.21
2014-06,DOC,21458.92,15317.34
2014-06,Pix,0.0,0.0
2014-06,TEC,506.29,801.27
2014-06,TED,19528.53,1115663.43
2014-07,Boleto,199948.22,225783.92
2014-07,Cheque,63201.44,101711.9
2014-07,DOC,22448.4,15800.8
2014-07,Pix,0.0,0.0
2014-07,TEC,679.9,1068.42
2014-07,TED,21940.77,1141254.83
2014-08,Boleto,192521.49,216899.96
2014-08,Cheque,58283.72,91842.74
2014-08,DOC,21348.34,15065.61
2014-08,Pix,0.0,0.0
2014-08,TEC,467.52,756.39
2014-08,TED,21260.45,1108063.87
2014-09,Boleto,209286.23,240099.29
2014-09,Cheque,63299.88,100361.89
2014-09,DOC,23331.06,16284.52
2014-09,Pix,0.0,0.0
2014-09,TEC,467.61,759.77
2014-09,TED,22579.86,1216013.62
2014-10,Boleto,209054.2,241566.24
2014-10,Cheque,64581.44,105138.32
2014-10,DOC,25271.08,16878.83
2014-10,Pix,0.0,0.0
2014-10,TEC,481.66,773.56
2014-10,TED,24987.71,1269743.39
2014-11,Boleto,192496.01,221671.12
2014-11,Cheque,56833.82,89451.3
2014-11,DOC,22938.08,15705.05
2014-11,Pix,0.0,0.0
2014-11,TEC,789.69,1321.11
2014-11,TED,23409.84,1113893.47
2014-12,Boleto,217585.0,258006.29
2014-12,Cheque,66305.14,102927.7
2014-12,DOC,24858.49,17931.12
2014-12,Pix,0.0,0.0
2014-12,TEC,1486.1,2511.31
2014-12,TED,26893.45,1387229.47
2015-01,Boleto,192082.77,226261.14
2015-01,Cheque,54989.21,94888.34
2015-01,DOC,19885.96,14121.39
2015-01,Pix,0.0,0.0
2015-01,TEC,890.03,1660.9
2015-01,TED,22495.87,1194647.91
2015-02,Boleto,183408.75,206780.5
2015-02,Cheque,50749.09,80161.72
2015-02,DOC,17550.59,12645.15
2015-02,Pix,0.0,0.0
2015-02,TEC,755.04,1441.79
2015-02,TED,22461.76,1044958.33
2015-03,Boleto,208213.65,237971.52
2015-03,Cheque,59756.26,96586.82
2015-03,DOC,20335.62,14226.59
2015-03,Pix,0.0,0.0
2015-03,TEC,766.61,1477.12
2015-03,TED,25654.07,1305570.99
2015-04,Boleto,200747.39,231819.87
2015-04,Cheque,54844.0,93534.25
2015-04,DOC,19244.02,13529.71
2015-04,Pix,0.0,0.0
2015-04,TEC,742.79,1458.29
2015-04,TED,25018.06,1257985.59
2015-05,Boleto,192640.28,218612.49
2015-05,Cheque,53376.59,88358.35
2015-05,DOC,18739.34,13200.71
2015-05,Pix,0.0,0.0
2015-05,TEC,739.47,1443.06
2015-05,TED,24841.91,1212491.7
2015-06,Boleto,206861.31,236599.66
2015-06,Cheque,56355.5,94108.14
2015-06,DOC,20812.2,14775.4
2015-06,Pix,0.0,0.0
2015-06,TEC,803.52,1532.19
2015-06,TED,26449.77,1284352.36
2015-07,Boleto,205156.82,233983.56
2015-07,Cheque,55865.58,96644.76
2015-07,DOC,20263.44,14777.3
2015-07,Pix,0.0,0.0
2015-07,TEC,988.47,1832.27
2015-07,TED,29131.96,1294210.11
2015-08,Boleto,202186.47,229651.13
2015-08,Cheque,53278.78,91231.33
2015-08,DOC,19471.5,14006.95
2015-08,Pix,0.0,0.0
2015-08,TEC,755.16,1488.55
2015-08,TED,28089.03,1239394.57
2015-09,Boleto,199991.18,230315.9
2015-09,Cheque,54167.99,90013.78
2015-09,DOC,19764.5,14149.58
2015-09,Pix,0.0,0.0
2015-09,TEC,741.17,1485.67
2015-09,TED,28703.0,1343377.12
2015-10,Boleto,205537.0,234223.04
2015-10,Cheque,54464.48,93452.47
2015-10,DOC,19953.57,14712.5
2015-10,Pix,0.0,0.0
2015-10,TEC,728.68,1459.92
2015-10,TED,29817.65,1277681.25
2015-11,Boleto,202413.97,234557.43
2015-11,Cheque,52232.51,87459.65
2015-11,DOC,20393.48,14858.22
2015-11,Pix,0.0,0.0
2015-11,TEC,662.67,1231.7
2015-11,TED,31205.9,1220334.76
2015-12,Boleto,208318.93,245848.73
2015-12,Cheque,55848.69,93477.03
2015-12,DOC,22428.41,16592.29
2015-12,Pix,0.0,0.0
2015-12,TEC,1191.9,2202.9
2015-12,TED,35840.2,1571545.38
2016-01,Boleto,189912.22,222612.29
2016-01,Cheque,45294.31,82800.04
2016-01,DOC,15709.98,12016.73
2016-01,Pix,0.0,0.0
2016-01,TEC,499.31,939.45
2016-01,TED,30728.99,1211165.94
2016-02,Boleto,197575.71,225107.82
2016-02,Cheque,46957.82,79927.23
2016-02,DOC,14455.6,11778.74
2016-02,Pix,0.0,0.0
2016-02,TEC,576.42,1079.27
2016-02,TED,33986.29,1184928.57
2016-03,Boleto,207938.76,239690.04
2016-03,Cheque,50443.05,85203.32
2016-03,DOC,15322.97,12303.86
2016-03,Pix,0.0,0.0
2016-03,TEC,666.89,1250.64
2016-03,TED,37762.98,1387738.67
2016-04,Boleto,195789.71,226725.92
2016-04,Cheque,45938.34,79444.79
2016-04,DOC,14376.42,11632.65
2016-04,Pix,0.0,0.0
2016-04,TEC,586.71,1029.4
2016-04,TED,36144.63,1284108.75
2016-05,Boleto,210245.33,243361.74
2016-05,Cheque,49391.1,85525.27
2016-05,DOC,15222.38,12172.78
2016-05,Pix,0.0,0.0
2016-05,TEC,658.08,1242.92
2016-05,TED,38397.79,1284857.76
2016-06,Boleto,202773.41,233880.62
2016-06,Cheque,47207.06,81175.05
2016-06,DOC,15629.08,12782.04
2016-06,Pix,0.0,0.0
2016-06,TEC,703.61,1388.89
2016-06,TED,39687.53,1318717.53
2016-07,Boleto,199451.85,228192.51
2016-07,Cheque,45238.98,78756.5
2016-07,DOC,15315.92,12715.57
2016-07,Pix,0.0,0.0
2016-07,TEC,842.15,1676.74
2016-07,TED,39407.93,1211940.88
2016-08,Boleto,216885.27,253446.63
2016-08,Cheque,49316.12,83547.85
2016-08,DOC,16929.89,13746.89
2016-08,Pix,0.0,0.0
2016-08,TEC,762.26,1517.2
2016-08,TED,42514.73,1290494.22
2016-09,Boleto,208125.52,238398.93
2016-09,Cheque,46648.47,80422.35
2016-09,DOC,16642.4,14075.26
2016-09,Pix,0.0,0.0
2016-09,TEC,719.45,1428.0
2016-09,TED,40498.56,1237717.25
2016-10,Boleto,205393.17,237807.62
2016-10,Cheque,46358.38,84235.41
2016-10,DOC,16156.18,13722.83
2016-10,Pix,0.0,0.0
2016-10,TEC,716.0,1392.08
2016-10,TED,40983.71,1245625.37
2016-11,Boleto,202618.78,235780.3
2016-11,Cheque,44629.42,76698.16
2016-11,DOC,16620.72,13751.31
2016-11,Pix,0.0,0.0
2016-11,TEC,947.28,1713.52
2016-11,TED,43633.29,1300810.36
2016-12,Boleto,204540.97,240974.28
2016-12,Cheque,45222.33,79015.7
2016-12,DOC,17385.41,14678.87
2016-12,Pix,0.0,0.0
2016-12,TEC,1100.05,2049.05
2016-12,TED,48837.66,1500935.35
2017-01,Boleto,206766.84,246287.38
2017-01,Cheque,41675.13,74713.8
2017-01,DOC,15085.46,11948.71
2017-01,Pix,0.0,0.0
2017-01,TEC,994.84,1729.88
2017-01,TED,42933.21,1322777.66
2017-02,Boleto,174654.92,196068.11
2017-02,Cheque,34334.58,61038.35
2017-02,DOC,13092.63,10374.15
2017-02,Pix,0.0,0.0
2017-02,TEC,685.4,1321.17
2017-02,TED,39751.13,1101076.89
2017-03,Boleto,224478.09,262696.32
2017-03,Cheque,46660.52,80735.35
2017-03,DOC,16968.43,13152.41
2017-03,Pix,0.0,0.0
2017-03,TEC,699.57,1353.24
2017-03,TED,49829.41,1434574.61
2017-04,Boleto,191011.85,222551.15
2017-04,Cheque,37027.78,70110.58
2017-04,DOC,14287.68,11297.29
2017-04,Pix,0.0,0.0
2017-04,TEC,755.01,1530.46
2017-04,TED,42411.45,1259391.31
2017-05,Boleto,214839.58,253401.4
2017-05,Cheque,43252.97,77660.66
2017-05,DOC,16292.36,12754.32
2017-05,Pix,0.0,0.0
2017-05,TEC,688.29,1392.48
2017-05,TED,50513.34,1427535.32
2017-06,Boleto,205723.55,239893.06
2017-06,Cheque,39656.33,70915.07
2017-06,DOC,16200.56,13294.59
2017-06,Pix,0.0,0.0
2017-06,TEC,748.81,1475.65
2017-06,TED,49406.73,1336471.55
2017-07,Boleto,209062.28,242024.62
2017-07,Cheque,39495.53,73945.89
2017-07,DOC,16508.83,13323.64
2017-07,Pix,0.0,0.0
2017-07,TEC,701.98,1428.7
2017-07,TED,50049.16,1320802.56
2017-08,Boleto,216260.44,252539.07
2017-08,Cheque,41347.86,76550.98
2017-08,DOC,17917.57,13898.2
2017-08,Pix,0.0,0.0
2017-08,TEC,727.56,1556.69
2017-08,TED,54402.52,1395326.94
2017-09,Boleto,203542.12,237157.79
2017-09,Cheque,37786.39,68974.1
2017-09,DOC,17068.83,13008.42
2017-09,Pix,0.0,0.0
2017-09,TEC,650.09,1370.76
2017-09,TED,51670.14,1379442.82
2017-10,Boleto,216230.67,258372.38
2017-10,Cheque,40955.03,78075.39
2017-10,DOC,18607.95,13861.3
2017-10,Pix,0.0,0.0
2017-10,TEC,608.3,1337.1
2017-10,TED,55642.72,1439447.5
2017-11,Boleto,210083.6,249614.55
2017-11,Cheque,38562.45,70886.96
2017-11,DOC,18056.18,13742.03
2017-11,Pix,0.0,0.0
2017-11,TEC,690.61,1409.23
2017-11,TED,54735.51,1358089.34
2017-12,Boleto,206781.43,248690.3
2017-12,Cheque,38603.62,73036.78
2017-12,DOC,18247.95,14607.81
2017-12,Pix,0.0,0.0
2017-12,TEC,1191.05,2354.81
2017-12,TED,57714.15,1638689.55
2018-01,Boleto,221584.28,267343.74
2018-01,Cheque,37857.6,78027.75
2018-01,DOC,16568.3,12565.78
2018-01,Pix,0.0,0.0
2018-01,TEC,854.41,1746.72
2018-01,TED,52938.1,1468256.04
2018-02,Boleto,197494.02,225789.02
2018-02,Cheque,33032.05,63434.16
2018-02,DOC,15147.24,11365.87
2018-02,Pix,0.0,0.0
2018-02,TEC,732.91,1416.71
2018-02,TED,49000.71,1249190.03
2018-03,Boleto,207634.8,240592.29
2018-03,Cheque,35804.58,70782.69
2018-03,DOC,16730.53,12280.04
2018-03,Pix,0.0,0.0
2018-03,TEC,778.91,1519.76
2018-03,TED,55977.06,1494125.06
2018-04,Boleto,218717.62,260797.71
2018-04,Cheque,36845.1,68034.15
2018-04,DOC,17559.7,12575.76
2018-04,Pix,0.0,0.0
2018-04,TEC,741.52,1574.91
2018-04,TED,57675.2,1554642.93
2018-05,Boleto,215086.82,253356.97
2018-05,Cheque,35115.38,65871.35
2018-05,DOC,17219.89,12317.34
2018-05,Pix,0.0,0.0
2018-05,TEC,758.45,1558.25
2018-05,TED,57019.95,1609618.46
2018-06,Boleto,206194.31,242652.29
2018-06,Cheque,33412.05,61467.26
2018-06,DOC,18178.79,13740.84
2018-06,Pix,0.0,0.0
2018-06,TEC,680.18,1432.5
2018-06,TED,55697.34,1558315.84
2018-07,Boleto,223160.44,268199.74
2018-07,Cheque,35511.15,74083.33
2018-07,DOC,20086.73,14954.76
2018-07,Pix,0.0,0.0
2018-07,TEC,776.87,1582.11
2018-07,TED,58836.47,1563636.98
2018-08,Boleto,226124.29,274665.61
2018-08,Cheque,35035.81,74332.45
2018-08,DOC,20292.28,14621.11
2018-08,Pix,0.0,0.0
2018-08,TEC,724.91,1463.21
2018-08,TED,62669.22,1725017.4
2018-09,Boleto,209891.65,253488.79
2018-09,Cheque,31573.12,65302.12
2018-09,DOC,18624.98,13412.06
2018-09,Pix,0.0,0.0
2018-09,TEC,796.05,1645.86
2018-09,TED,57174.55,1487757.33
2018-10,Boleto,237211.13,293876.51
2018-10,Cheque,36378.22,78974.52
2018-10,DOC,21410.73,14996.84
2018-10,Pix,0.0,0.0
2018-10,TEC,704.52,1455.95
2018-10,TED,63549.45,1761073.42
2018-11,Boleto,222653.29,274197.58
2018-11,Cheque,33166.59,67529.93
2018-11,DOC,19765.18,14050.69
2018-11,Pix,0.0,0.0
2018-11,TEC,907.08,1777.73
2018-11,TED,63260.12,1592177.22
2018-12,Boleto,221386.61,271875.49
2018-12,Cheque,32424.32,63868.17
2018-12,DOC,19892.35,14346.42
2018-12,Pix,0.0,0.0
2018-12,TEC,1209.2,2328.97
2018-12,TED,68690.61,1816868.24
2019-01,Boleto,236523.1,288372.34
2019-01,Cheque,32866.58,75042.64
2019-01,DOC,19416.76,13425.82
2019-01,Pix,0.0,0.0
2019-01,TEC,852.49,1618.01
2019-01,TED,63989.55,1753196.76
2019-02,Boleto,221655.56,259539.83
2019-02,Cheque,29605.9,60800.01
2019-02,DOC,16926.08,11542.68
2019-02,Pix,0.0,0.0
2019-02,TEC,908.11,1649.09
2019-02,TED,66873.19,1635378.99
2019-03,Boleto,226585.47,264713.56
2019-03,Cheque,29832.14,59640.73
2019-03,DOC,16107.0,10844.3
2019-03,Pix,0.0,0.0
2019-03,TEC,827.3,1527.71
2019-03,TED,68864.52,1650804.97
2019-04,Boleto,246435.45,293761.06
2019-04,Cheque,31635.01,72834.73
2019-04,DOC,17089.2,11483.08
2019-04,Pix,0.0,0.0
2019-04,TEC,899.81,1665.72
2019-04,TED,76575.18,1853821.98
2019-05,Boleto,249543.03,293770.85
2019-05,Cheque,31540.57,68523.11
2019-05,DOC,15469.05,11207.02
2019-05,Pix,0.0,0.0
2019-05,TEC,961.02,1885.38
2019-05,TED,80987.19,1963999.86
2019-06,Boleto,232437.28,267336.19
2019-06,Cheque,28257.6,60206.14
2019-06,DOC,15181.12,12026.45
2019-06,Pix,0.0,0.0
2019-06,TEC,986.86,1955.16
2019-06,TED,75081.8,1882917.95
2019-07,Boleto,264517.16,307807.55
2019-07,Cheque,32541.55,76626.29
2019-07,DOC,17765.04,13816.72
2019-07,Pix,0.0,0.0
2019-07,TEC,912.03,1742.79
2019-07,TED,88864.91,2140721.73
2019-08,Boleto,254545.78,294263.16
2019-08,Cheque,30042.62,66967.22
2019-08,DOC,17352.85,12892.27
2019-08,Pix,0.0,0.0
2019-08,TEC,942.16,1889.52
2019-08,TED,91220.31,2080454.77
2019-09,Boleto,261615.97,300838.74
2019-09,Cheque,29939.41,63273.26
2019-09,DOC,18269.85,12943.81
2019-09,Pix,0.0,0.0
2019-09,TEC,897.19,1837.35
2019-09,TED,96570.84,2064524.93
2019-10,Boleto,271454.12,315145.53
2019-10,Cheque,30772.21,68611.83
2019-10,DOC,18192.93,13188.6
2019-10,Pix,0.0,0.0
2019-10,TEC,929.57,1916.28
2019-10,TED,105182.29,2217642.2
2019-11,Boleto,259227.99,298087.47
2019-11,Cheque,28100.63,58673.77
2019-11,DOC,16136.59,11794.57
2019-11,Pix,0.0,0.0
2019-11,TEC,1016.23,2023.31
2019-11,TED,101969.12,1940787.19
2019-12,Boleto,279722.02,326883.99
2019-12,Cheque,30341.86,63195.98
2019-12,DOC,17426.99,12745.62
2019-12,Pix,0.0,0.0
2019-12,TEC,1239.26,2404.18
2019-12,TED,117198.49,2401613.34
2020-01,Boleto,272526.14,313258.85
2020-01,Cheque,27729.48,62656.46
2020-01,DOC,15019.77,11000.87
2020-01,Pix,0.0,0.0
2020-01,TEC,859.02,1694.92
2020-01,TED,108115.83,2140962.71
2020-02,Boleto,253409.5,282068.23
2020-02,Cheque,24455.11,54005.38
2020-02,DOC,13564.79,9365.19
2020-02,Pix,0.0,0.0
2020-02,TEC,775.92,1562.95
2020-02,TED,102809.73,1894701.97
2020-03,Boleto,278115.86,303087.87
2020-03,Cheque,27008.77,56580.32
2020-03,DOC,14918.99,10262.49
2020-03,Pix,0.0,0.0
2020-03,TEC,781.54,1571.69
2020-03,TED,118460.64,2616470.45
2020-04,Boleto,263450.45,261763.97
2020-04,Cheque,22053.97,46751.93
2020-04,DOC,21028.04,13842.41
2020-04,Pix,0.0,0.0
2020-04,TEC,754.14,1521.42
2020-04,TED,117480.02,2082623.44
2020-05,Boleto,267217.37,255101.02
2020-05,Cheque,19814.84,48624.49
2020-05,DOC,23640.52,16525.08
2020-05,Pix,0.0,0.0
2020-05,TEC,765.13,1574.67
2020-05,TED,123833.66,1958424.79
2020-06,Boleto,290965.73,287917.02
2020-06,Cheque,21058.32,49372.39
2020-06,DOC,29095.16,20513.66
2020-06,Pix,0.0,0.0
2020-06,TEC,748.04,1551.23
2020-06,TED,140072.83,2225955.93
2020-07,Boleto,318767.44,315718.52
2020-07,Cheque,21524.58,50959.72
2020-07,DOC,25121.11,18045.67
2020-07,Pix,0.0,0.0
2020-07,TEC,736.45,1529.24
2020-07,TED,177019.49,2549652.69
2020-08,Boleto,324328.63,330214.39
2020-08,Cheque,21015.68,50576.38
2020-08,DOC,26159.3,18046.1
2020-08,Pix,0.0,0.0
2020-08,TEC,590.35,1185.33
2020-08,TED,176588.52,2416042.49
2020-09,Boleto,330602.01,350762.59
2020-09,Cheque,21590.82,53174.54
2020-09,DOC,23097.5,16065.06
2020-09,Pix,0.0,0.0
2020-09,TEC,697.58,1445.03
2020-09,TED,187549.69,2538287.06
2020-10,Boleto,336428.41,363359.84
2020-10,Cheque,21888.85,53427.37
2020-10,DOC,19496.7,13355.08
2020-10,Pix,0.0,0.0
2020-10,TEC,755.53,1585.81
2020-10,TED,193914.69,2529825.54
2020-11,Boleto,350564.46,375573.9
2020-11,Cheque,21885.21,52526.06
2020-11,DOC,22362.97,13980.28
2020-11,Pix,32867.36,29196.99
2020-11,TEC,750.55,1485.96
2020-11,TED,191703.38,2571188.87
2020-12,Boleto,353636.58,394356.67
2020-12,Cheque,22020.43,55376.12
2020-12,DOC,16774.77,11369.78
2020-12,Pix,143339.29,120697.92
2020-12,TEC,1043.65,2065.64
2020-12,TED,189261.59,2935690.91
2021-01,Boleto,314232.62,351809.62
2021-01,Cheque,18870.96,47363.18
2021-01,DOC,14474.54,8834.15
2021-01,Pix,199611.49,156576.83
2021-01,TEC,801.69,1582.47
2021-01,TED,119389.99,2406059.95
2021-02,Boleto,306432.32,338584.62
2021-02,Cheque,17997.84,46939.4
2021-02,DOC,8622.89,6384.33
2021-02,Pix,273167.83,195464.5
2021-02,TEC,740.59,1497.1
2021-02,TED,111617.8,2381021.03
2021-03,Boleto,358045.89,399875.9
2021-03,Cheque,21076.69,57274.71
2021-03,DOC,8589.92,6559.22
2021-03,Pix,389558.55,273005.19
2021-03,TEC,638.88,1272.87
2021-03,TED,119890.41,3083743.42
2021-04,Boleto,335530.74,374186.91
2021-04,Cheque,18441.84,52999.98
2021-04,DOC,7535.06,5755.89
2021-04,Pix,494733.64,312912.45
2021-04,TEC,693.38,1446.8
2021-04,TED,110989.05,2735892.74
2021-05,Boleto,341731.09,389564.26
2021-05,Cheque,18456.48,54201.28
2021-05,DOC,10221.54,8444.29
2021-05,Pix,641530.48,376521.08
2021-05,TEC,489.86,983.25
2021-05,TED,110651.8,2819281.6
2021-06,Boleto,342773.47,393852.08
2021-06,Cheque,18254.45,53161.69
2021-06,DOC,10902.82,8958.66
2021-06,Pix,735299.77,416301.68
2021-06,TEC,696.15,1464.76
2021-06,TED,107582.53,2980596.44
2021-07,Boleto,349844.73,404147.44
2021-07,Cheque,18196.26,52678.84
2021-07,DOC,11366.75,9021.56
2021-07,Pix,873876.23,474406.92
2021-07,TEC,763.01,1562.97
2021-07,TED,102448.1,3008021.83
2021-08,Boleto,360595.99,427123.67
2021-08,Cheque,18734.59,55032.48
2021-08,DOC,10095.59,8283.09
2021-08,Pix,961033.47,529325.7
2021-08,TEC,402.95,790.52
2021-08,TED,99440.21,3159715.32
2021-09,Boleto,349225.18,420768.07
2021-09,Cheque,17902.58,52527.15
2021-09,DOC,6205.63,5002.1
2021-09,Pix,1028427.24,553183.59
2021-09,TEC,624.11,1330.64
2021-09,TED,94312.02,3089309.13
2021-10,Boleto,342504.64,412222.98
2021-10,Cheque,17160.27,49988.27
2021-10,DOC,6050.76,4742.44
2021-10,Pix,1167627.95,580611.15
2021-10,TEC,681.7,1495.72
2021-10,TED,91544.91,3090855.32
2021-11,Boleto,361368.8,443844.71
2021-11,Cheque,18274.71,53233.05
2021-11,DOC,5648.19,4725.76
2021-11,Pix,1226445.29,620923.1
2021-11,TEC,691.57,1416.04
2021-11,TED,96520.8,3046202.31
2021-12,Boleto,357708.47,452537.25
2021-12,Cheque,18159.22,54523.81
2021-12,DOC,5017.86,4698.79
2021-12,Pix,1442212.36,714884.43
2021-12,TEC,1305.51,2524.43
2021-12,TED,105998.02,3670235.48
2022-01,Boleto,343641.99,420659.17
2022-01,Cheque,16195.58,47613.5
2022-01,DOC,4193.62,3920.09
2022-01,Pix,1284230.01,636333.2
2022-01,TEC,675.96,1441.29
2022-01,TED,84458.74,3042937.65
2022-02,Boleto,308925.15,370347.17
2022-02,Cheque,14059.59,42796.67
2022-02,DOC,4095.13,3701.32
2022-02,Pix,1367497.83,644475.7
2022-02,TEC,537.39,1147.26
2022-02,TED,79412.96,2880855.45
2022-03,Boleto,380679.53,475829.92
2022-03,Cheque,18276.79,58871.56
2022-03,DOC,4906.23,4354.95
2022-03,Pix,1598295.91,787017.65
2022-03,TEC,582.01,1277.27
2022-03,TED,93022.24,3583365.23
2022-04,Boleto,334954.82,431871.09
2022-04,Cheque,15144.47,49618.47
2022-04,DOC,4105.58,3686.33
2022-04,Pix,1664792.46,772171.43
2022-04,TEC,704.51,1551.8
2022-04,TED,82723.74,3211893.37
2022-05,Boleto,364436.61,480056.55
2022-05,Cheque,16857.13,56889.59
2022-05,DOC,7014.02,6799.14
2022-05,Pix,1856767.98,882394.8
2022-05,TEC,714.97,1619.31
2022-05,TED,87854.94,3695833.5
2022-06,Boleto,350345.01,460839.19
2022-06,Cheque,15759.32,51717.74
2022-06,DOC,6785.49,6596.06
2022-06,Pix,1925887.77,888818.17
2022-06,TEC,692.63,1615.03
2022-06,TED,84009.11,3541847.8
2022-07,Boleto,342147.16,450111.25
2022-07,Cheque,15237.06,50103.61
2022-07,DOC,7105.1,6692.24
2022-07,Pix,2060630.59,933098.09
2022-07,TEC,753.36,1688.6
2022-07,TED,82325.31,3378764.36
2022-08,Boleto,373212.23,505529.0
2022-08,Cheque,16827.09,57856.85
2022-08,DOC,6694.35,6367.15
2022-08,Pix,2180316.37,983789.49
2022-08,TEC,440.6,973.35
2022-08,TED,88850.51,3587442.45
2022-09,Boleto,350208.81,475684.01
2022-09,Cheque,15454.12,52438.11
2022-09,DOC,4247.83,4047.07
2022-09,Pix,2287655.11,1019526.37
2022-09,TEC,483.81,1073.51
2022-09,TED,85504.31,3471556.34
2022-10,Boleto,353610.13,477418.67
2022-10,Cheque,14985.6,49550.28
2022-10,DOC,3411.03,3278.9
2022-10,Pix,2436486.47,1046413.03
2022-10,TEC,657.19,1535.22
2022-10,TED,79833.93,3248099.31
2022-11,Boleto,349118.91,473580.19
2022-11,Cheque,14501.4,48575.49
2022-11,DOC,3248.99,3187.94
2022-11,Pix,2498449.43,1075310.97
2022-11,TEC,602.37,1316.4
2022-11,TED,83094.38,3323697.77
2022-12,Boleto,349044.0,478219.38
2022-12,Cheque,14246.95,47529.19
2022-12,DOC,3211.72,3117.79
2022-12,Pix,2872229.03,1221189.67
2022-12,TEC,1272.38,2757.91
2022-12,TED,91361.54,3810324.55
2023-01,Boleto,357005.85,479459.52
2023-01,Cheque,14091.41,46687.43
2023-01,DOC,2499.45,2534.06
2023-01,Pix,2575313.68,1111232.54
2023-01,TEC,632.37,1438.59
2023-01,TED,77982.34,3394583.49
2023-02,Boleto,325643.69,427177.9
2023-02,Cheque,12393.22,50947.11
2023-02,DOC,2436.12,2367.58
2023-02,Pix,2539124.04,1055639.04
2023-02,TEC,645.05,1512.53
2023-02,TED,70232.83,2889422.93
2023-03,Boleto,362664.11,487777.17
2023-03,Cheque,13763.41,55997.48
2023-03,DOC,2595.33,2565.47
2023-03,Pix,3001955.59,1280323.99
2023-03,TEC,680.54,1584.04
2023-03,TED,80528.87,3635596.89
2023-04,Boleto,326293.01,443418.56
2023-04,Cheque,12188.2,43399.52
2023-04,DOC,2378.17,2279.99
2023-04,Pix,2910507.63,1191585.15
2023-04,TEC,661.7,1594.82
2023-04,TED,69286.78,3234549.45
2023-05,Boleto,366029.09,509111.41
2023-05,Cheque,14171.91,50982.54
2023-05,DOC,4139.19,4971.97
2023-05,Pix,3189216.59,1343030.1
2023-05,TEC,620.33,1492.52
2023-05,TED,76551.74,3772412.45
2023-06,Boleto,348653.58,475375.14
2023-06,Cheque,12898.39,44354.61
2023-06,DOC,3810.8,4006.27
2023-06,Pix,3296854.65,1365761.97
2023-06,TEC,710.66,1683.4
2023-06,TED,73637.42,3658988.54
2023-07,Boleto,353354.67,479276.62
2023-07,Cheque,12782.7,43634.75
2023-07,DOC,4722.99,4401.98
2023-07,Pix,3533075.01,1422691.71
2023-07,TEC,667.68,1589.98
2023-07,TED,71737.39,3363338.77
2023-08,Boleto,360865.3,501254.74
2023-08,Cheque,13113.98,46973.84
2023-08,DOC,5253.95,3197.77
2023-08,Pix,3753059.35,1518932.78
2023-08,TEC,614.09,1481.22
2023-08,TED,76572.62,3406865.07
2023-09,Boleto,340115.13,471176.87
2023-09,Cheque,11916.38,41653.43
2023-09,DOC,2636.88,2532.14
2023-09,Pix,3830813.55,1527905.08
2023-09,TEC,483.31,1085.19
2023-09,TED,69407.83,3190050.37
2023-10,Boleto,362721.59,512336.66
2023-10,Cheque,12902.42,46646.9
2023-10,DOC,1746.38,1763.79
2023-10,Pix,4050452.35,1652921.87
2023-10,TEC,664.92,1578.12
2023-10,TED,71870.56,3325168.55
2023-11,Boleto,345234.36,490503.75
2023-11,Cheque,11866.27,40735.16
2023-11,DOC,1506.38,1521.77
2023-11,Pix,4211458.47,1727397.13
2023-11,TEC,754.56,1711.45
2023-11,TED,74398.41,3135995.22
2023-12,Boleto,337552.05,484391.91
2023-12,Cheque,11241.91,39208.22
2023-12,DOC,1412.03,1399.42
2023-12,Pix,4783759.11,1919836.0
2023-12,TEC,1152.37,2498.31
2023-12,TED,80202.34,3629759.48
2024-01,Boleto,363550.32,516702.44
2024-01,Cheque,11919.12,41615.89
2024-01,DOC,600.76,616.58
2024-01,Pix,4350076.79,1804382.83
2024-01,TEC,387.18,815.94
2024-01,TED,70343.33,3337346.6
2024-02,Boleto,332269.47,463066.01
2024-02,Cheque,10373.38,37076.26
2024-02,DOC,61.89,34.21
2024-02,Pix,4344916.74,1703935.27
2024-02,TEC,60.01,109.32
2024-02,TED,65805.91,2981226.89
2024-03,Boleto,336435.46,469047.59
2024-03,Cheque,10122.46,36644.55
2024-03,DOC,0.0,0.0
2024-03,Pix,4880450.84,1920981.78
2024-03,TEC,0.0,0.0
2024-03,TED,67565.09,3333054.72
2024-04,Boleto,361633.28,524619.69
2024-04,Cheque,11179.22,43295.4
2024-04,DOC,0.0,0.0
2024-04,Pix,4900457.64,2062609.18
2024-04,TEC,0.0,0.0
2024-04,TED,70647.2,3652606.92
2024-05,Boleto,349180.92,506302.82
2024-05,Cheque,10467.85,40133.55
2024-05,DOC,0.0,0.0
2024-05,Pix,5204193.37,2103326.01
2024-05,TEC,0.0,0.0
2024-05,TED,69023.19,3482037.72
2024-06,Boleto,327754.93,475278.61
2024-06,Cheque,9642.76,36114.74
2024-06,DOC,0.0,0.0
2024-06,Pix,5252176.9,2118312.04
2024-06,TEC,0.0,0.0
2024-06,TED,64970.94,3544187.49
2024-07,Boleto,366484.15,546660.21
2024-07,Cheque,10942.8,41504.78
2024-07,DOC,0.0,0.0
2024-07,Pix,5392806.29,2338132.97
2024-07,TEC,0.0,0.0
2024-07,TED,69657.23,3828950.29
2024-08,Boleto,343924.99,519248.33
2024-08,Cheque,10009.39,39142.87
2024-08,DOC,0.0,0.0
2024-08,Pix,5639358.01,2326231.16
2024-08,TEC,0.0,0.0
2024-08,TED,67581.13,3621022.67
2024-09,Boleto,344698.46,520250.19
2024-09,Cheque,9978.94,39601.85
2024-09,DOC,0.0,0.0
2024-09,Pix,5515140.08,2313327.22
2024-09,TEC,0.0,0.0
2024-09,TED,66156.06,3730246.74
2024-10,Boleto,362192.91,563986.63
2024-10,Cheque,10202.17,39646.01
2024-10,DOC,0.0,0.0
2024-10,Pix,5712448.02,2476793.69
2024-10,TEC,0.0,0.0
2024-10,TED,68590.55,3885790.21
2024-11,Boleto,332501.15,512370.3
2024-11,Cheque,9018.91,34430.29
2024-11,DOC,0.0,0.0
2024-11,Pix,5794534.99,2456993.87
2024-11,TEC,0.0,0.0
2024-11,TED,68004.61,3526411.66
2024-12,Boleto,361042.81,566693.06
2024-12,Cheque,9616.44,37774.51
2024-12,DOC,0.0,0.0
2024-12,Pix,6429873.76,2778266.67
2024-12,TEC,0.0,0.0
2024-12,TED,75539.52,4248330.27
2025-01,Boleto,338952.59,519244.8
2025-01,Cheque,9199.15,36429.91
2025-01,DOC,0.0,0.0
2025-01,Pix,5673012.47,2469941.67
2025-01,TEC,0.0,0.0
2025-01,TED,62232.13,3705721.69
2025-02,Boleto,324481.7,488180.37
2025-02,Cheque,8350.17,33019.98
2025-02,DOC,0.0,0.0
2025-02,Pix,5598509.94,2429262.08
2025-02,TEC,0.0,0.0
2025-02,TED,61949.09,3378764.97
2025-03,Boleto,340788.0,516117.79
2025-03,Cheque,8808.83,35645.95
2025-03,DOC,0.0,0.0
2025-03,Pix,6238231.6,2566965.2
2025-03,TEC,0.0,0.0
2025-03,TED,61294.83,3683199.49
2025-04,Boleto,341624.79,539022.34
2025-04,Cheque,8454.24,36327.15
2025-04,DOC,0.0,0.0
2025-04,Pix,6267333.46,2673358.43
2025-04,TEC,0.0,0.0
2025-04,TED,58891.0,3798026.1
2025-05,Boleto,340006.42,532979.61
2025-05,Cheque,8406.19,35833.8
2025-05,DOC,0.0,0.0
2025-05,Pix,6632765.22,2818937.95
2025-05,TEC,0.0,0.0
2025-05,TED,64178.98,3799492.18
2025-06,Boleto,338127.37,523439.24
2025-06,Cheque,8217.12,34182.86
2025-06,DOC,0.0,0.0
2025-06,Pix,6453692.04,2865951.56
2025-06,TEC,0.0,0.0
2025-06,TED,61192.05,3728009.92
2025-07,Boleto,353819.55,564569.38
2025-07,Cheque,8507.87,35797.81
2025-07,DOC,0.0,0.0
2025-07,Pix,6671770.9,3055518.75
2025-07,TEC,0.0,0.0
2025-07,TED,67192.89,3915166.65
2025-08,Boleto,328959.8,522435.28
2025-08,Cheque,7764.15,34009.59
2025-08,DOC,0.0,0.0
2025-08,Pix,6965545.33,3033563.78
2025-08,TEC,0.0,0.0
2025-08,TED,64506.6,3700999.64
2025-09,Boleto,349079.13,569213.66
2025-09,Cheque,8401.46,36257.82
2025-09,DOC,0.0,0.0
2025-09,Pix,6843677.25,3178872.86
2025-09,TEC,0.0,0.0
2025-09,TED,67787.76,3935730.15
2025-10,Boleto,347805.9,570061.34
2025-10,Cheque,8133.43,34584.96
2025-10,DOC,0.0,0.0
2025-10,Pix,7262044.71,3315978.67
2025-10,TEC,0.0,0.0
2025-10,TED,69508.97,3935395.1
2025-11,Boleto,317968.79,513158.5
2025-11,Cheque,7021.35,29207.65
2025-11,DOC,0.0,0.0
2025-11,Pix,7161424.75,3122098.39
2025-11,TEC,0.0,0.0
2025-11,TED,61980.91,3565384.27
2025-12,Boleto,360617.75,603920.36
2025-12,Cheque,7934.51,33738.32
2025-12,DOC,0.0,0.0
2025-12,Pix,7858999.2,3771628.4
2025-12,TEC,0.0,0.0
2025-12,TED,77612.7,4632904.84
2026-01,Boleto,315999.89,511645.82
2026-01,Cheque,7053.84,30801.1
2026-01,DOC,0.0,0.0
2026-01,Pix,7021997.69,3170990.34
2026-01,TEC,0.0,0.0
2026-01,TED,59302.67,3819653.6
2026-02,Boleto,307053.39,487957.93
2026-02,Cheque,6264.06,26618.21
2026-02,DOC,0.0,0.0
2026-02,Pix,6606114.79,2996838.9
2026-02,TEC,0.0,0.0
2026-02,TED,63710.34,3342672.09
2026-03,Boleto,346881.81,572564.03
2026-03,Cheque,7367.69,32865.28
2026-03,DOC,0.0,0.0
2026-03,Pix,7442903.15,3533664.12
2026-03,TEC,0.0,0.0
2026-03,TED,69211.12,4196796.01
2026-04,Boleto,326984.42,552159.56
2026-04,Cheque,6667.11,32464.83
2026-04,DOC,0.0,0.0
2026-04,Pix,7370602.06,3421732.27
2026-04,TEC,0.0,0.0
2026-04,TED,65272.11,4064285.57
2026-05,Boleto,321873.66,541107.26
2026-05,Cheque,6299.28,28997.49
2026-05,DOC,0.0,0.0
2026-05,Pix,7854699.48,3478034.84
2026-05,TEC,0.0,0.0
2026-05,TED,65540.9,3828232.89
2026-06,Boleto,340587.57,577082.91
2026-06,Cheque,6693.47,30773.59
2026-06,DOC,0.0,0.0
2026-06,Pix,7699815.65,3599270.78
2026-06,TEC,0.0,0.0
2026-06,TED,64041.78,4235160.17
